{
  "energy_level_windows": {
    "0-4s": 0.8347814352431264,
    "4-9s": 0.49244083407537775,
    "9-14s": 0.8074222496376399,
    "14-19s": 0.715038195986896,
    "19-24s": 0.5129667850177057,
    "24-29s": 0.8145269082455543,
    "29-34s": 0.9998393860498404,
    "34-39s": 0.5722245377222802,
    "39-44s": 0.6390236127738612,
    "44-49s": 0.6612419483846858,
    "49-54s": 1.0,
    "54-59s": 0.6993376603199408,
    "59-60s": 0.21965572742008724
  },
  "energy_variance": 0.00044845909601616123,
  "climax_timestamp": 26.56,
  "burst_pattern": "steady",
  "duration": 60.117875,
  "metadata": {
    "processed": true,
    "success": true,
    "method": "librosa_rms",
    "sample_rate": 16000,
    "window_seconds": 5
  }
}