{
  "energy_level_windows": {
    "0-4s": 0.7070299769259625,
    "4-9s": 0.9116469908056767,
    "9-14s": 0.9450810354506417,
    "14-19s": 0.7198389163972442,
    "19-24s": 0.9519499666536535,
    "24-29s": 0.7086673060773813,
    "29-34s": 0.7273471964783582,
    "34-39s": 1.0,
    "39-44s": 0.7535248946604055,
    "44-46s": 0.4808692875544377
  },
  "energy_variance": 9.543754988786692e-05,
  "climax_timestamp": 35.808,
  "burst_pattern": "steady",
  "duration": 46.8825,
  "metadata": {
    "processed": true,
    "success": true,
    "method": "librosa_rms",
    "sample_rate": 16000,
    "window_seconds": 5
  }
}