{
  "energy_level_windows": {
    "0-4s": 0.957471855534602,
    "4-9s": 0.9383876580019673,
    "9-14s": 0.8318932727714805,
    "14-19s": 0.9392108229106845,
    "19-24s": 0.8585699519603184,
    "24-29s": 0.7846863166759991,
    "29-34s": 1.0,
    "34-39s": 0.8939455312709884,
    "39-44s": 0.7675216204641352,
    "44-49s": 0.8106130996730503,
    "49-53s": 0.5369808638712
  },
  "energy_variance": 4.626964586347807e-07,
  "climax_timestamp": 16.96,
  "burst_pattern": "steady",
  "duration": 53.66275,
  "metadata": {
    "processed": true,
    "success": true,
    "method": "librosa_rms",
    "sample_rate": 16000,
    "window_seconds": 5
  }
}