{
  "energy_level_windows": {
    "0-4s": 1.0,
    "4-9s": 0.9087127728547035,
    "9-14s": 0.9177140969451033,
    "14-19s": 0.8068169164853254,
    "19-24s": 0.7059998819476329,
    "24-29s": 0.5522833818093734,
    "29-34s": 0.6139723045192212,
    "34-39s": 0.8474967992634995,
    "39-44s": 0.620429091231149,
    "44-47s": 0.382226454061885
  },
  "energy_variance": 2.5909380830982518e-05,
  "climax_timestamp": 9.984,
  "burst_pattern": "front_loaded",
  "duration": 47.1146875,
  "metadata": {
    "processed": true,
    "success": true,
    "method": "librosa_rms",
    "sample_rate": 16000,
    "window_seconds": 5
  }
}