{
  "energy_level_windows": {
    "0-4s": 0.561335561535139,
    "4-9s": 0.29093450065115284,
    "9-14s": 1.0,
    "14-19s": 0.6247226455631212,
    "19-24s": 0.5630476176844783,
    "24-29s": 0.334411448371949,
    "29-31s": 0.5652613215878877
  },
  "energy_variance": 0.0004488300174226954,
  "climax_timestamp": 12.256,
  "burst_pattern": "middle_peak",
  "duration": 31.836,
  "metadata": {
    "processed": true,
    "success": true,
    "method": "librosa_rms",
    "sample_rate": 16000,
    "window_seconds": 5
  }
}