{
  "energy_level_windows": {
    "0-4s": 1.0,
    "4-9s": 0.8813203489943492,
    "9-14s": 0.9968639924145841,
    "14-19s": 0.7971069314120626,
    "19-24s": 0.6684926807885672,
    "24-29s": 0.702417976733292,
    "29-34s": 0.7290173512625742,
    "34-39s": 0.6464848156855564,
    "39-44s": 0.943472535163131,
    "44-49s": 0.9931228948997234,
    "49-52s": 0.19986385633362785
  },
  "energy_variance": 0.00017802804285175518,
  "climax_timestamp": 3.072,
  "burst_pattern": "front_loaded",
  "duration": 52.87325,
  "metadata": {
    "processed": true,
    "success": true,
    "method": "librosa_rms",
    "sample_rate": 16000,
    "window_seconds": 5
  }
}