{
  "energy_level_windows": {
    "0-4s": 0.7349500402103792,
    "4-9s": 0.6593745976295131,
    "9-14s": 0.622119418917225,
    "14-19s": 0.647412895770661,
    "19-24s": 0.8326601638393883,
    "24-29s": 0.8662956503007906,
    "29-34s": 0.7461840149005746,
    "34-39s": 0.9700736650719546,
    "39-44s": 0.8582711291283495,
    "44-49s": 0.8673382809341158,
    "49-54s": 0.9597685051340783,
    "54-58s": 1.0
  },
  "energy_variance": 9.821806225975793e-06,
  "climax_timestamp": 0.288,
  "burst_pattern": "back_loaded",
  "duration": 58.9104375,
  "metadata": {
    "processed": true,
    "success": true,
    "method": "librosa_rms",
    "sample_rate": 16000,
    "window_seconds": 5
  }
}