{
  "energy_level_windows": {
    "0-4s": 0.8869490326619943,
    "4-9s": 0.9137915526849069,
    "9-14s": 0.8661598721088517,
    "14-19s": 0.7494433633725268,
    "19-24s": 0.8680101246150126,
    "24-29s": 0.9455525337003455,
    "29-34s": 0.7953758652832278,
    "34-39s": 0.8517173264459557,
    "39-44s": 1.0,
    "44-49s": 0.758802846613339,
    "49-54s": 0.8739983057026186,
    "54-59s": 0.88777989148717,
    "59-62s": 0.5782867764811727
  },
  "energy_variance": 1.9809984643536813e-05,
  "climax_timestamp": 27.392,
  "burst_pattern": "steady",
  "duration": 62.068375,
  "metadata": {
    "processed": true,
    "success": true,
    "method": "librosa_rms",
    "sample_rate": 16000,
    "window_seconds": 5
  }
}