{
  "energy_level_windows": {
    "0-4s": 0.8932982337874612,
    "4-9s": 0.7769598942163636,
    "9-14s": 0.8648062358052585,
    "14-19s": 0.9355567891965161,
    "19-24s": 0.769954776383958,
    "24-29s": 1.0
  },
  "energy_variance": 9.416959353033923e-07,
  "climax_timestamp": 26.048,
  "burst_pattern": "steady",
  "duration": 29.8390625,
  "metadata": {
    "processed": true,
    "success": true,
    "method": "librosa_rms",
    "sample_rate": 16000,
    "window_seconds": 5
  }
}