{
  "energy_level_windows": {
    "0-4s": 0.8766433722471945,
    "4-9s": 1.0,
    "9-14s": 0.9385819956003993,
    "14-19s": 0.8125895690903793,
    "19-24s": 0.8374154815908664,
    "24-29s": 0.7482448298487913,
    "29-34s": 0.6350740824187879,
    "34-39s": 0.5063258004374539,
    "39-44s": 0.8947914156979159,
    "44-49s": 0.6787527045693199,
    "49-54s": 0.5331098951049847,
    "54-59s": 0.5901119519486367,
    "59-64s": 0.6984756032785688,
    "64-68s": 0.6245064518402149
  },
  "energy_variance": 3.6205134802651155e-05,
  "climax_timestamp": 12.384,
  "burst_pattern": "front_loaded",
  "duration": 68.7556875,
  "metadata": {
    "processed": true,
    "success": true,
    "method": "librosa_rms",
    "sample_rate": 16000,
    "window_seconds": 5
  }
}