{
  "energy_level_windows": {
    "0-4s": 0.9170833194031747,
    "4-9s": 1.0,
    "9-14s": 0.9983718295240948,
    "14-19s": 0.8305179072809544,
    "19-24s": 0.6602328960098206,
    "24-29s": 0.8086550252500199,
    "29-34s": 0.7354129356964477,
    "34-39s": 0.6855500062014585,
    "39-44s": 0.9107152855596795,
    "44-49s": 0.8130896658706511,
    "49-52s": 0.46152584934376656
  },
  "energy_variance": 0.0006407709398828294,
  "climax_timestamp": 12.864,
  "burst_pattern": "front_loaded",
  "duration": 52.408875,
  "metadata": {
    "processed": true,
    "success": true,
    "method": "librosa_rms",
    "sample_rate": 16000,
    "window_seconds": 5
  }
}