{
  "energy_level_windows": {
    "0-4s": 1.0,
    "4-9s": 0.8116415309480082,
    "9-14s": 0.9005363418160375,
    "14-19s": 0.8546198187862338,
    "19-24s": 0.8753199759204893,
    "24-29s": 0.7461298922375688,
    "29-34s": 0.6935836680513078,
    "34-39s": 0.9167842458115079,
    "39-44s": 0.9064922091620669,
    "44-46s": 0.37697513702724844
  },
  "energy_variance": 3.5486217290907895e-05,
  "climax_timestamp": 36.992,
  "burst_pattern": "front_loaded",
  "duration": 46.789625,
  "metadata": {
    "processed": true,
    "success": true,
    "method": "librosa_rms",
    "sample_rate": 16000,
    "window_seconds": 5
  }
}