{
  "energy_level_windows": {
    "0-4s": 0.9952716149515806,
    "4-9s": 1.0,
    "9-14s": 0.8648617250365327,
    "14-19s": 0.6470896256718326,
    "19-24s": 0.9632761952072117,
    "24-29s": 0.3458565925552891,
    "29-34s": 0.3460961272279931,
    "34-39s": 0.35421513692405737,
    "39-44s": 0.5586848459010527,
    "44-45s": 0.46027416980996366
  },
  "energy_variance": 8.568903467094974e-05,
  "climax_timestamp": 20.352,
  "burst_pattern": "front_loaded",
  "duration": 45.1178125,
  "metadata": {
    "processed": true,
    "success": true,
    "method": "librosa_rms",
    "sample_rate": 16000,
    "window_seconds": 5
  }
}