{
  "energy_level_windows": {
    "0-4s": 0.598178810716188,
    "4-9s": 1.0,
    "9-14s": 0.8747304126615577,
    "14-15s": 0.24477639268927254
  },
  "energy_variance": 3.8378920928661e-05,
  "climax_timestamp": 11.04,
  "burst_pattern": "middle_peak",
  "duration": 15.582,
  "metadata": {
    "processed": true,
    "success": true,
    "method": "librosa_rms",
    "sample_rate": 16000,
    "window_seconds": 5
  }
}