{
  "energy_level_windows": {
    "0-4s": 0.8072275788994442,
    "4-9s": 0.8961031511891033,
    "9-14s": 0.6016605974800132,
    "14-19s": 1.0,
    "19-22s": 0.9671882726526123
  },
  "energy_variance": 2.5996729488881322e-05,
  "climax_timestamp": 15.84,
  "burst_pattern": "steady",
  "duration": 22.037125,
  "metadata": {
    "processed": true,
    "success": true,
    "method": "librosa_rms",
    "sample_rate": 16000,
    "window_seconds": 5
  }
}